DG4V5KqcjOor4j7ZHqftbL4fmX16O5oT1YMadJ+qGA==;+nYK6DHe1KvklNAB7dahMsM2/8gZA60ndLaM6SEgI0ZekFqV;rco52lZ2E6vcl2J+iNtmRkpuZITljf/Ji7nmopLTw/Ut
BEqZtZXTAD+uCczrzReZNRAjZkgz5uXJa4vLWef9Mg==;XC70Khof+22g8vh18FgprhHe78k+4pjPt/asXJQ=;2/lgJKrdfsjOb/2OFVrOuEYytdvsIVebRICaofwGWpoDXPeOS0WtTxJyfHtS1hNtsVVvvVXj
pED4Mk5nP/62n6D4DpAMJmfsZm2vpPCWWH/WDAFrDQ==;eMEO7+FxueOhDy9vjTfM/KTwDdvc+9G0oQooHA0=;0K4RwxckHXPq8IE2mIUkhpYRxyIaiAKT+1UEFkZsLMth3k5olHy8OV3RTU1G+GjX6cLKf3NzGTJMySic
JPUngy4edSb5B+YcMrXIsn05utVqK1sWQimtNrTOpA==;oT3Jx7DfkV9iocrJJ6V5dx72T6/314Tc7keVfi4=;/9pDBgtTnvy5db+5g420WYa3UBcQQeSdE0iiWBtg5aG/pY2kQp3bLU7OhZHknB6FmRJqRJJqUKo=
bPWWEVn4FROCFkH16RzWnCByX4b96adIdMIAwYxs6w==;+FmyuXK7PFsqMqtQS5tKLd6Z+eakMuuQ2J+Q7qo=;CLA0/z04DP7IDfLMjZNt26aauyY2DHKmbSIna6V8fAgzA//3rW44jVXvYlUTqTgIhECG+N2OI/eDrQ==
G/vziVRKfzrswkTlmimQiLHz5FvbbkOeDsO28lq9bg==;miSG31EXmHSZPlTzFKw9AXjimm21l/Gi/wZ3Fm0=;SzRy5GSmwsbOt0UR03bYMa7ZjARVj6jTgZGBlqOPMcn0U01+orZHiJOx7u/z3TttVlpgwbPavcvBjFDJbAxN7WDxOg==
QqO/Y8OM+02Xzm1iCsYCVq9zyGyH0xXHxyT+Mo8thDc=;MIV6Ekix5QOPol9XcBqpdNc066lr6NF5earZ0eo=;iOUG/aM+4bIwxveb/dzxba9+XGjQ8XLeIYW8oEHZRHuV4uF+zKpoguSNL9/+UldX/S6xIZlRsWYM
WqSqDnkQiyvaqLWJ1CLzTEh0r0V2ZFVqkEzePPWFN7U=;NtCF9hE4uT7i04MH1DpPL8K9q6jykmzpNS0d9so=;+GUF9fLPWJHRHFf4mM10kKcov2APO3d/swkjiB7L6i8eOSDlkSEkLDp9TfO0xX+l1I/N3wNc9A5T8dQBVCuqGHs+21yBmqXOiw==
4o5UFn8FmKPNcBLMj7t3Ovi4mZ4NNkEMuq19u6bPs3o=;JkqrNdM8ou4hyGFzFTRszds41MpkcYOgB6/ajkc=;9Ob/qn+btmLlyJxVflURXtOrA3UJNRNuzVb+iUh0fM3+EkRGspNYfJMs4V3o
ikpqOo6bbuHuvMfOfjtHoM9apiHmNFaQ52iOnKgqwwQ=;EKBQDMpG8yb0kByRLtRJSeOF+GxPL9K059TMsww=;SIrLuSXQNzB3SYE+8nhY2Z3bcLGfgltDnbKoOB0Rwr0Hn8uFy3g=
8JHkXkaHAmnfpclpbOGc02LvOQYWArsXzt6mS+ygc/E=;8yXtQsceS20rgVD/8fKWdupO5XS3F1CQ+Lf2+EQ=;CXOkWBQUebBfIIp20ATxa2z0TC/uH1nLrafG1N9v/eJ1+3tXbCYNNmKAhBiX4fISaqxlwkc=
oBSfWdeINbiZZNb2EZnmsUw+rQEgIyED0j7hqnSXHus=;T08V49picipcZAnBlam9YO3SP7cNUr9NeDvD09U=;H8y9/v76W9n/RWeegxVWXASRLmnDFHh9D+PQL2TuQM5mJI1lJwMX54aiRBrRtPJcv3/AVW4K+XJpEfyPwJe9jDM=
Zj+aRUoLnZ87MX/PHj24n/p67vDOU4OH2Wdf27L6WQw=;HT5xDkYPCWcR0huCwINOLrVq/eFN1gAVvqVUA3k=;3w2CEW4H05cWVBNTngaPZM/vnuSm/PlaDypqhjHMgEwXZ0xrGr7rcDQ7z9ehNVM6yRg9hzLSOlbHD7rVlQstpoBey3yp/w==
MqId78eiv7H6Fh8DqeeJ7aQxso+qxro4LcAJTZDBEE0=;df6rQTcmWdJ2U34cmDq17+1EUKgHv7Ah84uQLj4=;iv7ZMr7gGpE69i5rnWoY9DNlPxnhhozUbcyDXhbI6TUIwELJui6X+6oqQdufImQMjtkI0fudYOZyTj8ToP/HyePQUqKgsxfh
nCWRwK6B/MjmlNaryiGZ21gs18qjShC+Sx9mrySBoQk=;56gIVY9rMF2l2Wv9ktUO72JZAnOw1dnfrP9Ypco=;GSvhPvxkcWVMZtRBmK89Ct8PQqz/78/Nrt/3L393kPwTvfCMMJ7dxw==
SrARLgbQKJDD9ndULjADUL+MP3JiKS8sdmvPHFfippM=;bajid/GgiqMW/zh3jHFSrIcuXReruLa6TY/F3FA=;eyTXr2C4FeLhsEkH+7JEYRy/8Pw/X9n7dV2pw4y8tj3p78XlmlIJMotFdw==
wJIKzDu6DbI+RwhxkpIR6pL0r7cstwgoLqSVgd/R4uk=;aC3j29a/fzrSjwLE8eXKtUyyTtmn3U5jDewb2Gs=;rNinkf5S7wsqK4f10mgAp5L+bu6igdtKcavF1Pmc8nLID82MwrTaIwpO1i/FfeRFmBveycU6cKE=
o+Z4b9kBDN9gPReOGXYt72HTnAicEEoZvw//UNep4nU=;Hbt0KcJDDHZi/od3vQ0u+FpKblMMAlDfSQRbbKs=;jwgCGrrMfi8+UhPa8+BZO1AGhOKhT1ang/S0qv6xT/kvfH+/xCXyuQxmGF/rRDXl
GUjNP/PsFxZxI9mtiZbTXnKJNvbUBpXv9iZ66PQnnaI=;0qcQVhTW+EIwCLl9oq+cznEA281i5T3TNUPJkNA=;u5rgErMiaKywzTbTVkHUr28PE2WWk3w7oMDYEFFKoYHsbzurWBRcnrg/cIZYeQxkEGlO4JAAN1rVgo4KPmysbIL6LnxfV7g=
voNzGHuekhFY16txTAt/w1axbQlzYjQHurE57qHpET4=;Z7Ump3p3bnj4/qLD/waSUDd+gm0rxEKpumv/yAw=;NnSpZErHYNOVF5DPuA+dPod54weWgWQRwkiNJQ2xEBug4BWJZEA5uv5jAnYhGDg=
gA6EjdLjqywUbftdOhpclvsMmoI+RGPxO8iZuf+6Uic=;dJYp8iMBy63Qlj6nI+Ka2rUsUb/nBQJjg+TCesM=;AnFvl2XzNaRHx4Ly4sWaI50vIiaUaFR47K5bQymmHnPSGfJClKdJ8C1waGf1/GujNAX/55VstdsNa54lB1F8lRZqrg==
tdAEIroVUCT3iwQbeeTDBFDlfRvD5vhhJ1HI1TL0O0c=;4Nf4NzFEYmRARIlxcsVcCjjhWLBXjhlEZMXw/iE=;v+G7ZHIUGwlixAMthgXB2Z1bbgrP20kD9vSMP02rgt796p8uWsR91/vpWswdiHG1OBZyeLJV
WpkoJum6/61uKcgM6LHVz86R6c/jDxMDmbQUg3yTDs4=;8IRplLOA6I9Q+wOChgPNi46t3XazGDBYcqOFcZ8=;QSWTSjvo35QYDnrgIigSPtJtL8UVy0vgGFLvNVteJYCaQcEmHdQVD12NVr0U/PHrQJUP5T9m7U2UTu731DIQOrF2h35DKvgyoclveBmgrA==
qPoRltdKd+1+YVDYuN+frZ70aTt2JGMOjD3aAurJvxo=;mY889fiug4zKrvTx+7hP/qlBtbFakqN85Pe/lrQ=;brBJcW66x1BvU0q8x8U+N4L3nc9x4s752frKnAq3+nPqNwn2HOA43MiKFJBQQ174P0pV
xCP6NZ4ZHHVAIsd5OyrJQHS77HGndOLlrHY/aJTmG38=;1o9zd50Ftu7BQr23I0ZJrt+w8Hd5EZJHWhgroJk=;HFrMpME+tgCiMmo0F1O6RI3Pm/p1alDyc0u8VdwhgGOEvEzK5W9FXMY7ki953b1dQBGPaGQ9MQ==
95Uj4XAlwcoed/xyDqel53zI71R+688KYoXz/JLusHk=;0SxknFCOJ98RgItEPD/wW/Qoq2zaT1Yjgy7uEWg=;BmuUzsbdS+OrtTfXQe8PCIkg+Ro46hWObXUYMmhppI+HRUw+djIkxWdA9+wBLQNdXjSxpIypnEI5/ob4wxoWqhA+4VwrjODrqSwKqttXjjcM/Seo
p6EAgoS82FfLlSCQwfGM1ABxmBIDgLc2XfHokTn7L38=;yIZ2pmPZ9TA3LNzAe5vVy9V9LJfmN//Lj7NKCSA=;w+XCwluEOnOnlniOAGSZwz+3hTCOhBePWAuRUpsj2W56pReuy1+IO4VIgg==
Hnxu/2KSk9dtHnHEibfFFMPfGnmTMUiA64gLVgqEmKM=;8B0K74M0mJ5fPOquwqaMyc317UyQBdUSAaP0YsM=;uyG5YDnNW5WieWIskEzT8Z/AvoaE+CTHx9OINZTLPEfNPoprkmkztGExcg60H80Pt2fk/CrpyRZaiDQ=
HH3wskZOv2pD66f4ZQHT54l84NWsg0cCTrLA8QCMZV0=;LGR6wdoKAyQRXgkmLTys2h2tjsloyU3+chLy2sQ=;kgh0BIluyLcyykixzO7qJOblLpKWo8OJXQ+OtkP7xk0+3wL4A/K9Gbo/0kPVfXbeu1nyi7Xr2YQ=
jaSchkx2qXgSpiNdPymhViKiX4LOyHDhbL9LdbrJIwo=;kXlFNOP0HMJxDHJJQC+X1otkZ7uf5hIznB9j+Gc=;0DgRdp3iM3q8Ier2MRMiRRqlLelNRT06BXpgq2FRKhJqkNYa4dH8ECDlw4AQGWkK
0iHETzw3B191MlmuarexBQfM3emIZzQWwwqzQL6Lnkc=;lMcqBZu42Fx3BPa3mxalQsvtzP5CmuHS20cj4u8=;+XtJY1LBUKhFcTPHZSkrtTZG5nCCqGUz/FuOK/ntKIi6ofmRoecD+ApJqZA=
6McxBlZX0juntRSfiRuofO/lsqYT6xqx2T3EGLKMmc8=;2nk8smwx/Vkd4K+i2zgJiQtUYZ/v0MKLsej6XTk=;4VIJxxo90sRLCEBoFTQqVJcbiCLl53qddTlC84TnDSFHoNyWFjE01nWS+Z9J0Q==
diQZmKOMeMSM82UWRh+a4rOmJAh1a6wrHlRHH60nRtWl;m2jYYbzFUqmibPWknqOSwAijBZbjef+YdsE4ewE=;wnAXvSGD9x3EhUFiV/2a/gGVTO9uIZqoKvsfGM9eeXjJTavaqGqeX2P0zJcVuII=
+XFVN5/csIe9iPOYMmXTMTBpEpJXzf6C7DmIrD/NeF4=;rPbkzhBcg4tdir+fZBi2erWYduI7cszNyRT18FE=;WVnS+qhdBZRLvIslbejiQscmJ8TGC53IPxzF7LfwjjEMiQb3fBbuJkHQxO/88CRneflv4hw1d28cbSbrLlpGxZlT9XcKdVN9N/9oPjf2sm0xpw==
3gAEzL2U3+qry4rKr3YiDOjiv9OaRrtC3usTncc1ytE=;Y+tkulGbiJTSWLBDhgmHCabqhz03SChEmpmQQQU=;HK4fOESlkA3tQhNmnCos5sFhzpPf1dTR1vcBBMN2RUchLm+f8m/CLIAMpBlx9YiT
537e4xc09msiz+GRsahn10vblnPGqEoUQCgQxABlNY8=;Bg95rnhw1Q/3zu3W9RJIpun798KOMh317qXN2QM=;J2FWKJ73j3YoR8QeabEiY/F9/Prrf5bROS1ZSMBAVbWqJY+8aO9XqA==
JkslotcjHW5r+q3Dr41bPqDBi2HVDySFkuPiDM/x2Yo=;e98VgKPV44zoz4qCVdC/P06K72eEH+/OTT2/a/s=;3/cAcwMrgPSPJ04WE4VlpRr2xS6QDQINY+2f/tV1tqIeZC2Qb92q
qaitoCyBi/1+CWxV4a0iGXlSKF7mmj+1HJHlenPu5jI=;sKwkMPhn4QszhSC8YW0RPWIRRhOxj+AGba7SifI=;ctWx3q+pdu8cPwJ3yEkVrVHKYcr+AI0kk5fzR5XkaTKDJ0PVt634/w==
B8GQBcPp4oImA24fHnngDdvpnfakA4Pn+WwGDap17D8=;e5A0msicXaOQBLbnV48VMGao1AU9t+cnr3t30f0=;A5G2UqKN+u80bLiOKUAZlyMhb82iXpWdFyswXDKAkZlsGg==
HrTZwxT9VZwundavpUqnvPM2NZnbSpIc6sJliHkv24I=;xbZQIkLA20Dtc7BGtieohrmia3U8+dXPQ4cRn7Q=;GYpGqhBRb4uKJkaqh5Xv6ldgiQ/xS957opck+kOyhBVNQA5G2uwzxk0xpH34Ti3O2q/2aUAlIQ==
oRxZGCTzcagJ3Zhly1rDSHRmLiH/V1s8J/cGguiPk5s=;pAUrI1/koFiCz5TBGAul1CCz/aHRYqfxYqiLvOk=;Dks9CeLtKQp3AZyfklNM3u40mS4O0U2g4AUgoll4kpMYgE4Gt6oUuEcFito9BQ==
55qtPeRXFij6gJ9Tb12RCADVVXdgS+D6ST7Z44BKA+Q=;K3kdr3PkGpPvXzPxbRHODIKKR1NIQKKW0JveA9w=;d0+PkS7IKnbqr8p1Ti8JLoLZSf2JijEN5Fy7s7Pfmzwh/f+HhEYk/iuDPrkQMA==
lqFxp4AOnByzp0NhZbwluQxB+9AKtdhV2QVL05zRfr0=;sg/M7pVlYLL8QDTFtVjAvsyX2xWxT9UJeR431g8=;9pTzsqo530wDVktrXLkB/KML2pISJbU7Ck65wDMdOdnr/nWjnEZyAM/sKm/p2ZdRbZocGVw=
KOesqo/PMYnFkG/5hEEkTkMSmOLzahUYJFgWkGEt5UQ=;xevDYBBaDCCxdIF6e6mRbpyBRrUmUPLA/DV9pu0=;/9ai8O8psYRLsGx+rkNzyVvfI42hTk725Rz+SvMkNKV9/qYtN5HAh6CaV5loYAQ2dXRYwMM=
TXPdHQl+bm+B9m87XJxFGfGS+wdQ2bVBsugdRlALpb8=;XFY/nP8ojtus6aAcOpsVUKNw6XhBjrcelq6ACJU=;LUk5GhrSyiLn1g1X6tMs0iytzmx98DxLxJ5Y91Ap8DytfZoxw4RDcoHe74NPRZTLjQGpxpOiRzg=
ivqssmcw98Gh/VbJEi1wO3Rnzd8eJTPbxxyPJ+VzNA8=;C9J0nBXaKzD8VA4gP9Ot6qB1ITJFybXKohbnL48=;CGl0yGZrURE9ALQf4J/SCA3IQ7Mz/P26Q1E5oJXm/HmyXzyUxeypXuS0SYVe
sFJ8eFq1+kLDIBTsUTR1jxJDk1ya4Qa2To2wESSFJBM=;Ljtly/tt9aj6+1C5vxXlm5hxKsnUg6jPLSumC/A=;1iT43F2rnsXyHajQiIg196LsPwkQhKs7SPlaq54L3KVJexDPC9zpzrFHBiAUCA==
